{"data":[{"GPOChanges":{"LocalAdmins":[],"RemoteDesktopUsers":[],"DcomUsers":[],"PSRemoteUsers":[],"AffectedComputers":[]},"Properties":{"domain":"SSI.LOCAL","name":"SSI.LOCAL","distinguishedname":"DC=SSI,DC=LOCAL","domainsid":"S-1-5-21-2577754887-2674212776-3183298843","isaclprotected":false,"description":null,"whencreated":1355062330,"functionallevel":"2008 R2","collected":true},"ChildObjects":[],"Trusts":[],"Links":[{"IsEnforced":false,"GUID":"2674B3A9-D5BA-4DFB-8FB5-30F306B0D52A"},{"IsEnforced":false,"GUID":"30A09ED1-C2B8-4084-AF09-B310EE7A980C"},{"IsEnforced":false,"GUID":"4B1D2546-CDD5-42EE-92FF-92401AD4E4A0"},{"IsEnforced":false,"GUID":"ECA2A8A8-77B0-4529-9CCA-DA75979FB16F"},{"IsEnforced":true,"GUID":"6AA302EF-A8A2-48EA-95C0-95C4EC98CA01"},{"IsEnforced":false,"GUID":"6F9698E2-A016-42C4-8C8A-15EC5F853E11"},{"IsEnforced":false,"GUID":"9A2AB071-919C-4DBF-A6CA-C692A8CC100E"}],"Aces":[{"PrincipalSID":"SSI.LOCAL-S-1-5-32-544","PrincipalType":"Group","RightName":"Owns","IsInherited":false},{"PrincipalSID":"SSI.LOCAL-S-1-5-32-544","PrincipalType":"Group","RightName":"WriteDacl","IsInherited":false},{"PrincipalSID":"SSI.LOCAL-S-1-5-32-544","PrincipalType":"Group","RightName":"WriteOwner","IsInherited":false},{"PrincipalSID":"SSI.LOCAL-S-1-5-32-544","PrincipalType":"Group","RightName":"AllExtendedRights","IsInherited":false},{"PrincipalSID":"S-1-5-21-2577754887-2674212776-3183298843-512","PrincipalType":"Group","RightName":"WriteDacl","IsInherited":false},{"PrincipalSID":"S-1-5-21-2577754887-2674212776-3183298843-512","PrincipalType":"Group","RightName":"WriteOwner","IsInherited":false},{"PrincipalSID":"S-1-5-21-2577754887-2674212776-3183298843-512","PrincipalType":"Group","RightName":"AllExtendedRights","IsInherited":false},{"PrincipalSID":"S-1-5-21-2577754887-2674212776-3183298843-519","PrincipalType":"Group","RightName":"GenericAll","IsInherited":false},{"PrincipalSID":"SSI.LOCAL-S-1-5-9","PrincipalType":"Group","RightName":"GetChanges","IsInherited":false},{"PrincipalSID":"SSI.LOCAL-S-1-5-9","PrincipalType":"Group","RightName":"GetChangesInFilteredSet","IsInherited":false},{"PrincipalSID":"SSI.LOCAL-S-1-5-32-544","PrincipalType":"Group","RightName":"GetChangesInFilteredSet","IsInherited":false},{"PrincipalSID":"SSI.LOCAL-S-1-5-32-544","PrincipalType":"Group","RightName":"GetChanges","IsInherited":false},{"PrincipalSID":"SSI.LOCAL-S-1-5-32-544","PrincipalType":"Group","RightName":"GetChangesAll","IsInherited":false},{"PrincipalSID":"S-1-5-21-2577754887-2674212776-3183298843-498","PrincipalType":"Group","RightName":"GetChanges","IsInherited":false},{"PrincipalSID":"S-1-5-21-2577754887-2674212776-3183298843-516","PrincipalType":"Group","RightName":"GetChangesAll","IsInherited":false},{"PrincipalSID":"S-1-5-21-2577754887-2674212776-3183298843-2998","PrincipalType":"Group","RightName":"WriteDacl","IsInherited":false},{"PrincipalSID":"S-1-5-21-2577754887-2674212776-3183298843-2998","PrincipalType":"Group","RightName":"WriteDacl","IsInherited":false},{"PrincipalSID":"S-1-5-21-2577754887-2674212776-3183298843-10608","PrincipalType":"User","RightName":"GetChangesAll","IsInherited":false},{"PrincipalSID":"S-1-5-21-2577754887-2674212776-3183298843-10608","PrincipalType":"User","RightName":"GetChanges","IsInherited":false},{"PrincipalSID":"S-1-5-21-2577754887-2674212776-3183298843-11465","PrincipalType":"Base","RightName":"GetChanges","IsInherited":false},{"PrincipalSID":"S-1-5-21-2577754887-2674212776-3183298843-11465","PrincipalType":"Base","RightName":"GetChangesAll","IsInherited":false},{"PrincipalSID":"S-1-5-21-2577754887-2674212776-3183298843-12603","PrincipalType":"Base","RightName":"GetChanges","IsInherited":false},{"PrincipalSID":"S-1-5-21-2577754887-2674212776-3183298843-12603","PrincipalType":"Base","RightName":"GetChangesAll","IsInherited":false},{"PrincipalSID":"S-1-5-21-2577754887-2674212776-3183298843-14258","PrincipalType":"Base","RightName":"GetChangesAll","IsInherited":false},{"PrincipalSID":"S-1-5-21-2577754887-2674212776-3183298843-14258","PrincipalType":"Base","RightName":"GetChanges","IsInherited":false},{"PrincipalSID":"S-1-5-21-2577754887-2674212776-3183298843-28611","PrincipalType":"User","RightName":"GetChangesAll","IsInherited":false},{"PrincipalSID":"S-1-5-21-2577754887-2674212776-3183298843-28611","PrincipalType":"User","RightName":"GetChanges","IsInherited":false}],"ObjectIdentifier":"S-1-5-21-2577754887-2674212776-3183298843","IsDeleted":false,"IsACLProtected":false,"ContainedBy":null}],"meta":{"methods":291819,"type":"domains","count":1,"version":6}}