{"data":[{"Properties":{"domain":"SSI.LOCAL","name":"LOW ASSURANCE@SSI.LOCAL","distinguishedname":"CN=400.45FB2B37A18AC04E5AC3117B8477F40F,CN=OID,CN=PUBLIC KEY SERVICES,CN=SERVICES,CN=CONFIGURATION,DC=SSI,DC=LOCAL","domainsid":"S-1-5-21-2577754887-2674212776-3183298843","isaclprotected":false,"description":null,"whencreated":1602677203,"displayname":"Low Assurance","certtemplateoid":"1.3.6.1.4.1.311.21.8.8248501.13098323.6834106.11350517.16275533.139.1.400"},"GroupLink":{"ObjectIdentifier":null,"ObjectType":"Base"},"Aces":[{"PrincipalSID":"S-1-5-21-2577754887-2674212776-3183298843-512","PrincipalType":"Group","RightName":"Owns","IsInherited":false},{"PrincipalSID":"S-1-5-21-2577754887-2674212776-3183298843-512","PrincipalType":"Group","RightName":"GenericAll","IsInherited":false},{"PrincipalSID":"S-1-5-21-2577754887-2674212776-3183298843-519","PrincipalType":"Group","RightName":"GenericAll","IsInherited":true},{"PrincipalSID":"S-1-5-21-2577754887-2674212776-3183298843-512","PrincipalType":"Group","RightName":"WriteDacl","IsInherited":true},{"PrincipalSID":"S-1-5-21-2577754887-2674212776-3183298843-512","PrincipalType":"Group","RightName":"WriteOwner","IsInherited":true},{"PrincipalSID":"S-1-5-21-2577754887-2674212776-3183298843-512","PrincipalType":"Group","RightName":"GenericWrite","IsInherited":true}],"ObjectIdentifier":"8B905E32-9BAB-4587-AC59-5F7CFDE7D73C","IsDeleted":false,"IsACLProtected":false,"ContainedBy":{"ObjectIdentifier":"C7B5DC7D-53DD-4768-BAAD-31F5F8584D8B","ObjectType":"Container"}},{"Properties":{"domain":"SSI.LOCAL","name":"HIGH ASSURANCE@SSI.LOCAL","distinguishedname":"CN=402.B1A808652268DDEDB38A1C9DDF7B263F,CN=OID,CN=PUBLIC KEY SERVICES,CN=SERVICES,CN=CONFIGURATION,DC=SSI,DC=LOCAL","domainsid":"S-1-5-21-2577754887-2674212776-3183298843","isaclprotected":false,"description":null,"whencreated":1602677203,"displayname":"High Assurance","certtemplateoid":"1.3.6.1.4.1.311.21.8.8248501.13098323.6834106.11350517.16275533.139.1.402"},"GroupLink":{"ObjectIdentifier":null,"ObjectType":"Base"},"Aces":[{"PrincipalSID":"S-1-5-21-2577754887-2674212776-3183298843-512","PrincipalType":"Group","RightName":"Owns","IsInherited":false},{"PrincipalSID":"S-1-5-21-2577754887-2674212776-3183298843-512","PrincipalType":"Group","RightName":"GenericAll","IsInherited":false},{"PrincipalSID":"S-1-5-21-2577754887-2674212776-3183298843-519","PrincipalType":"Group","RightName":"GenericAll","IsInherited":true},{"PrincipalSID":"S-1-5-21-2577754887-2674212776-3183298843-512","PrincipalType":"Group","RightName":"WriteDacl","IsInherited":true},{"PrincipalSID":"S-1-5-21-2577754887-2674212776-3183298843-512","PrincipalType":"Group","RightName":"WriteOwner","IsInherited":true},{"PrincipalSID":"S-1-5-21-2577754887-2674212776-3183298843-512","PrincipalType":"Group","RightName":"GenericWrite","IsInherited":true}],"ObjectIdentifier":"8EB37379-D4DD-47CE-8C73-D4E1BEA222FA","IsDeleted":false,"IsACLProtected":false,"ContainedBy":{"ObjectIdentifier":"C7B5DC7D-53DD-4768-BAAD-31F5F8584D8B","ObjectType":"Container"}},{"Properties":{"domain":"SSI.LOCAL","name":"MEDIUM ASSURANCE@SSI.LOCAL","distinguishedname":"CN=401.F8F6AF72CEE89C66718BE3FC98365BEE,CN=OID,CN=PUBLIC KEY SERVICES,CN=SERVICES,CN=CONFIGURATION,DC=SSI,DC=LOCAL","domainsid":"S-1-5-21-2577754887-2674212776-3183298843","isaclprotected":false,"description":null,"whencreated":1602677203,"displayname":"Medium Assurance","certtemplateoid":"1.3.6.1.4.1.311.21.8.8248501.13098323.6834106.11350517.16275533.139.1.401"},"GroupLink":{"ObjectIdentifier":null,"ObjectType":"Base"},"Aces":[{"PrincipalSID":"S-1-5-21-2577754887-2674212776-3183298843-512","PrincipalType":"Group","RightName":"Owns","IsInherited":false},{"PrincipalSID":"S-1-5-21-2577754887-2674212776-3183298843-512","PrincipalType":"Group","RightName":"GenericAll","IsInherited":false},{"PrincipalSID":"S-1-5-21-2577754887-2674212776-3183298843-519","PrincipalType":"Group","RightName":"GenericAll","IsInherited":true},{"PrincipalSID":"S-1-5-21-2577754887-2674212776-3183298843-512","PrincipalType":"Group","RightName":"WriteDacl","IsInherited":true},{"PrincipalSID":"S-1-5-21-2577754887-2674212776-3183298843-512","PrincipalType":"Group","RightName":"WriteOwner","IsInherited":true},{"PrincipalSID":"S-1-5-21-2577754887-2674212776-3183298843-512","PrincipalType":"Group","RightName":"GenericWrite","IsInherited":true}],"ObjectIdentifier":"A3EFB19A-8DF3-4211-89A8-D89CCFFA81CA","IsDeleted":false,"IsACLProtected":false,"ContainedBy":{"ObjectIdentifier":"C7B5DC7D-53DD-4768-BAAD-31F5F8584D8B","ObjectType":"Container"}}],"meta":{"methods":291819,"type":"issuancepolicies","count":3,"version":6}}