{"data":[{"Properties":{"domain":"SSI.LOCAL","name":"SETTLEMENT SERVICES INTERNATIONAL POLICY CERTIFICAT-45841@SSI.LOCAL","distinguishedname":"CN=SETTLEMENT SERVICES INTERNATIONAL POLICY CERTIFICAT-45841,CN=AIA,CN=PUBLIC KEY SERVICES,CN=SERVICES,CN=CONFIGURATION,DC=SSI,DC=LOCAL","domainsid":"S-1-5-21-2577754887-2674212776-3183298843","isaclprotected":false,"description":null,"whencreated":1602678334,"crosscertificatepair":[],"hascrosscertificatepair":false,"certthumbprint":"BB7F6E3F90A3E4D0D6E0577E0EA41051B74A47EB","certname":"BB7F6E3F90A3E4D0D6E0577E0EA41051B74A47EB","certchain":["BB7F6E3F90A3E4D0D6E0577E0EA41051B74A47EB","959EF62E2E8E2426E50473FA36AA7CA4A09B3B87"],"hasbasicconstraints":false,"basicconstraintpathlength":0},"Aces":[{"PrincipalSID":"S-1-5-21-2577754887-2674212776-3183298843-512","PrincipalType":"Group","RightName":"Owns","IsInherited":false},{"PrincipalSID":"SSI.LOCAL-S-1-5-32-544","PrincipalType":"Group","RightName":"GenericAll","IsInherited":false},{"PrincipalSID":"S-1-5-21-2577754887-2674212776-3183298843-512","PrincipalType":"Group","RightName":"GenericAll","IsInherited":false},{"PrincipalSID":"S-1-5-21-2577754887-2674212776-3183298843-519","PrincipalType":"Group","RightName":"GenericAll","IsInherited":false},{"PrincipalSID":"S-1-5-21-2577754887-2674212776-3183298843-13661","PrincipalType":"Computer","RightName":"GenericAll","IsInherited":false},{"PrincipalSID":"S-1-5-21-2577754887-2674212776-3183298843-519","PrincipalType":"Group","RightName":"GenericAll","IsInherited":true},{"PrincipalSID":"S-1-5-21-2577754887-2674212776-3183298843-512","PrincipalType":"Group","RightName":"WriteDacl","IsInherited":true},{"PrincipalSID":"S-1-5-21-2577754887-2674212776-3183298843-512","PrincipalType":"Group","RightName":"WriteOwner","IsInherited":true},{"PrincipalSID":"S-1-5-21-2577754887-2674212776-3183298843-512","PrincipalType":"Group","RightName":"GenericWrite","IsInherited":true}],"ObjectIdentifier":"8EFA9578-DED9-4B7B-9E8B-BA71734A3A51","IsDeleted":false,"IsACLProtected":false,"ContainedBy":{"ObjectIdentifier":"A43E7699-B446-4033-8569-B0A0F8DA805A","ObjectType":"Container"}},{"Properties":{"domain":"SSI.LOCAL","name":"SETTLEMENT SERVICES INTERNATIONAL ISSUING CA INTRAN-02817@SSI.LOCAL","distinguishedname":"CN=SETTLEMENT SERVICES INTERNATIONAL ISSUING CA INTRAN-02817,CN=AIA,CN=PUBLIC KEY SERVICES,CN=SERVICES,CN=CONFIGURATION,DC=SSI,DC=LOCAL","domainsid":"S-1-5-21-2577754887-2674212776-3183298843","isaclprotected":false,"description":null,"whencreated":1607879260,"crosscertificatepair":[],"hascrosscertificatepair":false,"certthumbprint":"FCA6F58C688F4951F2E506EE9F307328CEFAE59E","certname":"FCA6F58C688F4951F2E506EE9F307328CEFAE59E","certchain":["FCA6F58C688F4951F2E506EE9F307328CEFAE59E","BB7F6E3F90A3E4D0D6E0577E0EA41051B74A47EB","959EF62E2E8E2426E50473FA36AA7CA4A09B3B87"],"hasbasicconstraints":false,"basicconstraintpathlength":0},"Aces":[{"PrincipalSID":"S-1-5-21-2577754887-2674212776-3183298843-519","PrincipalType":"Group","RightName":"Owns","IsInherited":false},{"PrincipalSID":"SSI.LOCAL-S-1-5-32-544","PrincipalType":"Group","RightName":"GenericAll","IsInherited":false},{"PrincipalSID":"S-1-5-21-2577754887-2674212776-3183298843-512","PrincipalType":"Group","RightName":"GenericAll","IsInherited":false},{"PrincipalSID":"S-1-5-21-2577754887-2674212776-3183298843-519","PrincipalType":"Group","RightName":"GenericAll","IsInherited":false},{"PrincipalSID":"S-1-5-21-2577754887-2674212776-3183298843-11501","PrincipalType":"Computer","RightName":"GenericAll","IsInherited":false},{"PrincipalSID":"S-1-5-21-2577754887-2674212776-3183298843-519","PrincipalType":"Group","RightName":"GenericAll","IsInherited":true},{"PrincipalSID":"S-1-5-21-2577754887-2674212776-3183298843-512","PrincipalType":"Group","RightName":"WriteDacl","IsInherited":true},{"PrincipalSID":"S-1-5-21-2577754887-2674212776-3183298843-512","PrincipalType":"Group","RightName":"WriteOwner","IsInherited":true},{"PrincipalSID":"S-1-5-21-2577754887-2674212776-3183298843-512","PrincipalType":"Group","RightName":"GenericWrite","IsInherited":true}],"ObjectIdentifier":"26D9EA1F-95D2-423F-A7F2-CCB1C9D45150","IsDeleted":false,"IsACLProtected":false,"ContainedBy":{"ObjectIdentifier":"A43E7699-B446-4033-8569-B0A0F8DA805A","ObjectType":"Container"}},{"Properties":{"domain":"SSI.LOCAL","name":"SETTLEMENT SERVICES INTERNATIONAL CA CONNX@SSI.LOCAL","distinguishedname":"CN=SETTLEMENT SERVICES INTERNATIONAL CA CONNX,CN=AIA,CN=PUBLIC KEY SERVICES,CN=SERVICES,CN=CONFIGURATION,DC=SSI,DC=LOCAL","domainsid":"S-1-5-21-2577754887-2674212776-3183298843","isaclprotected":false,"description":null,"whencreated":1607840874,"crosscertificatepair":[],"hascrosscertificatepair":false,"certthumbprint":"2D5167F1CFCD40E1FB23AD648AEEE4271F371083","certname":"2D5167F1CFCD40E1FB23AD648AEEE4271F371083","certchain":["2D5167F1CFCD40E1FB23AD648AEEE4271F371083","959EF62E2E8E2426E50473FA36AA7CA4A09B3B87"],"hasbasicconstraints":false,"basicconstraintpathlength":0},"Aces":[{"PrincipalSID":"S-1-5-21-2577754887-2674212776-3183298843-519","PrincipalType":"Group","RightName":"Owns","IsInherited":false},{"PrincipalSID":"SSI.LOCAL-S-1-5-32-544","PrincipalType":"Group","RightName":"GenericAll","IsInherited":false},{"PrincipalSID":"S-1-5-21-2577754887-2674212776-3183298843-512","PrincipalType":"Group","RightName":"GenericAll","IsInherited":false},{"PrincipalSID":"S-1-5-21-2577754887-2674212776-3183298843-519","PrincipalType":"Group","RightName":"GenericAll","IsInherited":false},{"PrincipalSID":"S-1-5-21-2577754887-2674212776-3183298843-11501","PrincipalType":"Computer","RightName":"GenericAll","IsInherited":false},{"PrincipalSID":"S-1-5-21-2577754887-2674212776-3183298843-519","PrincipalType":"Group","RightName":"GenericAll","IsInherited":true},{"PrincipalSID":"S-1-5-21-2577754887-2674212776-3183298843-512","PrincipalType":"Group","RightName":"WriteDacl","IsInherited":true},{"PrincipalSID":"S-1-5-21-2577754887-2674212776-3183298843-512","PrincipalType":"Group","RightName":"WriteOwner","IsInherited":true},{"PrincipalSID":"S-1-5-21-2577754887-2674212776-3183298843-512","PrincipalType":"Group","RightName":"GenericWrite","IsInherited":true}],"ObjectIdentifier":"EFFF33F6-C58F-4881-8DB2-5B0ED6C9CF8A","IsDeleted":false,"IsACLProtected":false,"ContainedBy":{"ObjectIdentifier":"A43E7699-B446-4033-8569-B0A0F8DA805A","ObjectType":"Container"}},{"Properties":{"domain":"SSI.LOCAL","name":"SETTLEMENT SERVICES INTERNATIONAL ISSUING CA 01@SSI.LOCAL","distinguishedname":"CN=SETTLEMENT SERVICES INTERNATIONAL ISSUING CA 01,CN=AIA,CN=PUBLIC KEY SERVICES,CN=SERVICES,CN=CONFIGURATION,DC=SSI,DC=LOCAL","domainsid":"S-1-5-21-2577754887-2674212776-3183298843","isaclprotected":false,"description":null,"whencreated":1602770747,"crosscertificatepair":[],"hascrosscertificatepair":false,"certthumbprint":"D8B0F3BB1118BC9154E7DD0B4770853346A14AE6","certname":"D8B0F3BB1118BC9154E7DD0B4770853346A14AE6","certchain":["D8B0F3BB1118BC9154E7DD0B4770853346A14AE6","BB7F6E3F90A3E4D0D6E0577E0EA41051B74A47EB","959EF62E2E8E2426E50473FA36AA7CA4A09B3B87"],"hasbasicconstraints":false,"basicconstraintpathlength":0},"Aces":[{"PrincipalSID":"S-1-5-21-2577754887-2674212776-3183298843-512","PrincipalType":"Group","RightName":"Owns","IsInherited":false},{"PrincipalSID":"SSI.LOCAL-S-1-5-32-544","PrincipalType":"Group","RightName":"GenericAll","IsInherited":false},{"PrincipalSID":"S-1-5-21-2577754887-2674212776-3183298843-512","PrincipalType":"Group","RightName":"GenericAll","IsInherited":false},{"PrincipalSID":"S-1-5-21-2577754887-2674212776-3183298843-519","PrincipalType":"Group","RightName":"GenericAll","IsInherited":false},{"PrincipalSID":"S-1-5-21-2577754887-2674212776-3183298843-11427","PrincipalType":"Computer","RightName":"GenericAll","IsInherited":false},{"PrincipalSID":"S-1-5-21-2577754887-2674212776-3183298843-519","PrincipalType":"Group","RightName":"GenericAll","IsInherited":true},{"PrincipalSID":"S-1-5-21-2577754887-2674212776-3183298843-512","PrincipalType":"Group","RightName":"WriteDacl","IsInherited":true},{"PrincipalSID":"S-1-5-21-2577754887-2674212776-3183298843-512","PrincipalType":"Group","RightName":"WriteOwner","IsInherited":true},{"PrincipalSID":"S-1-5-21-2577754887-2674212776-3183298843-512","PrincipalType":"Group","RightName":"GenericWrite","IsInherited":true}],"ObjectIdentifier":"0B04569A-602C-4333-B38E-0E9A2C9D2BA5","IsDeleted":false,"IsACLProtected":false,"ContainedBy":{"ObjectIdentifier":"A43E7699-B446-4033-8569-B0A0F8DA805A","ObjectType":"Container"}},{"Properties":{"domain":"SSI.LOCAL","name":"SETTLEMENT SERVICES INTERNATIONAL ISSUING CA CONNX -00145@SSI.LOCAL","distinguishedname":"CN=SETTLEMENT SERVICES INTERNATIONAL ISSUING CA CONNX -00145,CN=AIA,CN=PUBLIC KEY SERVICES,CN=SERVICES,CN=CONFIGURATION,DC=SSI,DC=LOCAL","domainsid":"S-1-5-21-2577754887-2674212776-3183298843","isaclprotected":false,"description":null,"whencreated":1607772473,"crosscertificatepair":[],"hascrosscertificatepair":false,"certthumbprint":"B84B8D578D944A7DA8B8791C2198B2602D869579","certname":"B84B8D578D944A7DA8B8791C2198B2602D869579","certchain":["B84B8D578D944A7DA8B8791C2198B2602D869579","BB7F6E3F90A3E4D0D6E0577E0EA41051B74A47EB","959EF62E2E8E2426E50473FA36AA7CA4A09B3B87"],"hasbasicconstraints":false,"basicconstraintpathlength":0},"Aces":[{"PrincipalSID":"S-1-5-21-2577754887-2674212776-3183298843-519","PrincipalType":"Group","RightName":"Owns","IsInherited":false},{"PrincipalSID":"SSI.LOCAL-S-1-5-32-544","PrincipalType":"Group","RightName":"GenericAll","IsInherited":false},{"PrincipalSID":"S-1-5-21-2577754887-2674212776-3183298843-512","PrincipalType":"Group","RightName":"GenericAll","IsInherited":false},{"PrincipalSID":"S-1-5-21-2577754887-2674212776-3183298843-519","PrincipalType":"Group","RightName":"GenericAll","IsInherited":false},{"PrincipalSID":"S-1-5-21-2577754887-2674212776-3183298843-14300","PrincipalType":"Computer","RightName":"GenericAll","IsInherited":false},{"PrincipalSID":"S-1-5-21-2577754887-2674212776-3183298843-519","PrincipalType":"Group","RightName":"GenericAll","IsInherited":true},{"PrincipalSID":"S-1-5-21-2577754887-2674212776-3183298843-512","PrincipalType":"Group","RightName":"WriteDacl","IsInherited":true},{"PrincipalSID":"S-1-5-21-2577754887-2674212776-3183298843-512","PrincipalType":"Group","RightName":"WriteOwner","IsInherited":true},{"PrincipalSID":"S-1-5-21-2577754887-2674212776-3183298843-512","PrincipalType":"Group","RightName":"GenericWrite","IsInherited":true}],"ObjectIdentifier":"B50E2608-0DAF-4530-B9E0-1719A797992E","IsDeleted":false,"IsACLProtected":false,"ContainedBy":{"ObjectIdentifier":"A43E7699-B446-4033-8569-B0A0F8DA805A","ObjectType":"Container"}}],"meta":{"methods":291819,"type":"aiacas","count":5,"version":6}}