{"data":[{"Properties":{"domain":"SSI.LOCAL","name":"NTAUTHCERTIFICATES@SSI.LOCAL","distinguishedname":"CN=NTAUTHCERTIFICATES,CN=PUBLIC KEY SERVICES,CN=SERVICES,CN=CONFIGURATION,DC=SSI,DC=LOCAL","domainsid":"S-1-5-21-2577754887-2674212776-3183298843","isaclprotected":false,"certthumbprints":["D8B0F3BB1118BC9154E7DD0B4770853346A14AE6","FCA6F58C688F4951F2E506EE9F307328CEFAE59E","739360FDA129F5894BDA7018F39568F7F0665457","B84B8D578D944A7DA8B8791C2198B2602D869579","50F20E102F039E6E922355B25B1EAD0A45D9F67F","2D5167F1CFCD40E1FB23AD648AEEE4271F371083","62D7E71712442909648115399E3C8CE052105D83","D664E1D98A8C6E201FEEF1232B89028F5F9DF65E","B4790EB8B169785B0DADEE4D89C4164811D8739A","AAC7E778828616AA5A6730835A21580F8B961EDF","DA371F22CCFE3BFA3DF95678389E9589BF54BE21","A5BF96E2AEE8CFE2AD0B22BF3E3FD590428FF69F"],"description":null,"whencreated":1602770747},"DomainSID":"S-1-5-21-2577754887-2674212776-3183298843","Aces":[{"PrincipalSID":"S-1-5-21-2577754887-2674212776-3183298843-512","PrincipalType":"Group","RightName":"Owns","IsInherited":false},{"PrincipalSID":"SSI.LOCAL-S-1-5-32-544","PrincipalType":"Group","RightName":"GenericAll","IsInherited":false},{"PrincipalSID":"S-1-5-21-2577754887-2674212776-3183298843-512","PrincipalType":"Group","RightName":"GenericAll","IsInherited":false},{"PrincipalSID":"S-1-5-21-2577754887-2674212776-3183298843-519","PrincipalType":"Group","RightName":"GenericAll","IsInherited":false},{"PrincipalSID":"S-1-5-21-2577754887-2674212776-3183298843-519","PrincipalType":"Group","RightName":"GenericAll","IsInherited":true},{"PrincipalSID":"S-1-5-21-2577754887-2674212776-3183298843-512","PrincipalType":"Group","RightName":"WriteDacl","IsInherited":true},{"PrincipalSID":"S-1-5-21-2577754887-2674212776-3183298843-512","PrincipalType":"Group","RightName":"WriteOwner","IsInherited":true},{"PrincipalSID":"S-1-5-21-2577754887-2674212776-3183298843-512","PrincipalType":"Group","RightName":"GenericWrite","IsInherited":true}],"ObjectIdentifier":"9F859C14-2D78-4FF6-82B3-CB34E19952AB","IsDeleted":false,"IsACLProtected":false,"ContainedBy":{"ObjectIdentifier":"4C037C80-CFB3-44B5-9CA3-52B4F2F14140","ObjectType":"Container"}}],"meta":{"methods":291819,"type":"ntauthstores","count":1,"version":6}}