{"data":[{"Properties":{"domain":"SSI.LOCAL","name":"SETTLEMENT SERVICES INTERNATIONAL POLICY CERTIFICAT-45841@SSI.LOCAL","distinguishedname":"CN=SETTLEMENT SERVICES INTERNATIONAL POLICY CERTIFICAT-45841,CN=ENROLLMENT SERVICES,CN=PUBLIC KEY SERVICES,CN=SERVICES,CN=CONFIGURATION,DC=SSI,DC=LOCAL","domainsid":"S-1-5-21-2577754887-2674212776-3183298843","isaclprotected":false,"description":null,"whencreated":1602678334,"flags":"NO_TEMPLATE_SUPPORT, CA_SUPPORTS_MANUAL_AUTHENTICATION","caname":"Settlement Services International Policy Certificat-45841","dnshostname":"ASH-SVR52.ssi.local","certthumbprint":"BB7F6E3F90A3E4D0D6E0577E0EA41051B74A47EB","certname":"BB7F6E3F90A3E4D0D6E0577E0EA41051B74A47EB","certchain":["BB7F6E3F90A3E4D0D6E0577E0EA41051B74A47EB","959EF62E2E8E2426E50473FA36AA7CA4A09B3B87"],"hasbasicconstraints":false,"basicconstraintpathlength":0,"unresolvedpublishedtemplates":[]},"HostingComputer":null,"CARegistryData":null,"EnabledCertTemplates":[],"Aces":[{"PrincipalSID":"S-1-5-21-2577754887-2674212776-3183298843-512","PrincipalType":"Group","RightName":"Owns","IsInherited":false},{"PrincipalSID":"S-1-5-21-2577754887-2674212776-3183298843-519","PrincipalType":"Group","RightName":"WriteDacl","IsInherited":false},{"PrincipalSID":"S-1-5-21-2577754887-2674212776-3183298843-519","PrincipalType":"Group","RightName":"WriteOwner","IsInherited":false},{"PrincipalSID":"S-1-5-21-2577754887-2674212776-3183298843-519","PrincipalType":"Group","RightName":"GenericWrite","IsInherited":false},{"PrincipalSID":"S-1-5-21-2577754887-2674212776-3183298843-519","PrincipalType":"Group","RightName":"ManageCA","IsInherited":false},{"PrincipalSID":"S-1-5-21-2577754887-2674212776-3183298843-519","PrincipalType":"Group","RightName":"ManageCertificates","IsInherited":false},{"PrincipalSID":"S-1-5-21-2577754887-2674212776-3183298843-13661","PrincipalType":"Computer","RightName":"WriteDacl","IsInherited":false},{"PrincipalSID":"S-1-5-21-2577754887-2674212776-3183298843-13661","PrincipalType":"Computer","RightName":"WriteOwner","IsInherited":false},{"PrincipalSID":"S-1-5-21-2577754887-2674212776-3183298843-13661","PrincipalType":"Computer","RightName":"GenericWrite","IsInherited":false},{"PrincipalSID":"S-1-5-21-2577754887-2674212776-3183298843-13661","PrincipalType":"Computer","RightName":"ManageCA","IsInherited":false},{"PrincipalSID":"S-1-5-21-2577754887-2674212776-3183298843-13661","PrincipalType":"Computer","RightName":"ManageCertificates","IsInherited":false},{"PrincipalSID":"SSI.LOCAL-S-1-5-11","PrincipalType":"Group","RightName":"Enroll","IsInherited":false},{"PrincipalSID":"S-1-5-21-2577754887-2674212776-3183298843-519","PrincipalType":"Group","RightName":"GenericAll","IsInherited":true},{"PrincipalSID":"S-1-5-21-2577754887-2674212776-3183298843-512","PrincipalType":"Group","RightName":"WriteDacl","IsInherited":true},{"PrincipalSID":"S-1-5-21-2577754887-2674212776-3183298843-512","PrincipalType":"Group","RightName":"WriteOwner","IsInherited":true},{"PrincipalSID":"S-1-5-21-2577754887-2674212776-3183298843-512","PrincipalType":"Group","RightName":"GenericWrite","IsInherited":true},{"PrincipalSID":"S-1-5-21-2577754887-2674212776-3183298843-512","PrincipalType":"Group","RightName":"ManageCA","IsInherited":true}],"ObjectIdentifier":"2687B966-A3B0-4EB3-92E7-FB6A4DAD46B8","IsDeleted":false,"IsACLProtected":false,"ContainedBy":{"ObjectIdentifier":"3C32DD16-4236-4271-B9DC-BF508F43E412","ObjectType":"Container"}},{"Properties":{"domain":"SSI.LOCAL","name":"SETTLEMENT SERVICES INTERNATIONAL ISSUING CA CONNX -00145@SSI.LOCAL","distinguishedname":"CN=SETTLEMENT SERVICES INTERNATIONAL ISSUING CA CONNX -00145,CN=ENROLLMENT SERVICES,CN=PUBLIC KEY SERVICES,CN=SERVICES,CN=CONFIGURATION,DC=SSI,DC=LOCAL","domainsid":"S-1-5-21-2577754887-2674212776-3183298843","isaclprotected":false,"description":null,"whencreated":1607861233,"flags":"SUPPORTS_NT_AUTHENTICATION, CA_SERVERTYPE_ADVANCED","caname":"Settlement Services International Issuing CA ConnX -00145","dnshostname":"ASH-SVR54.ssi.local","certthumbprint":"B84B8D578D944A7DA8B8791C2198B2602D869579","certname":"B84B8D578D944A7DA8B8791C2198B2602D869579","certchain":["B84B8D578D944A7DA8B8791C2198B2602D869579","BB7F6E3F90A3E4D0D6E0577E0EA41051B74A47EB","959EF62E2E8E2426E50473FA36AA7CA4A09B3B87"],"hasbasicconstraints":false,"basicconstraintpathlength":0,"unresolvedpublishedtemplates":[]},"HostingComputer":null,"CARegistryData":null,"EnabledCertTemplates":[{"ObjectIdentifier":"1B25A697-C6AA-44D3-B3D7-33386854FE5E","ObjectType":"CertTemplate"},{"ObjectIdentifier":"963BDA63-D5CF-423B-B1AE-B473DE166515","ObjectType":"CertTemplate"},{"ObjectIdentifier":"729E8F43-B170-4AA5-97CC-D7A1B2F60F97","ObjectType":"CertTemplate"},{"ObjectIdentifier":"23F135A2-F0A4-4027-93EE-4D141A875944","ObjectType":"CertTemplate"},{"ObjectIdentifier":"D7DBC4B3-0CD9-4AB7-8670-56C1558DB57F","ObjectType":"CertTemplate"},{"ObjectIdentifier":"99D276A8-46E2-4125-9768-2D6718D70099","ObjectType":"CertTemplate"},{"ObjectIdentifier":"6F1325E7-C759-4DCF-B31A-0C558808FA59","ObjectType":"CertTemplate"},{"ObjectIdentifier":"412F68EB-A7D1-4AA7-9318-926EE25E822C","ObjectType":"CertTemplate"},{"ObjectIdentifier":"D83981FD-1DE6-480C-8C5D-E2C48023904F","ObjectType":"CertTemplate"},{"ObjectIdentifier":"E8ED1567-4815-4DBA-845A-64AA1410DFDB","ObjectType":"CertTemplate"},{"ObjectIdentifier":"9D0C8C40-367D-4E07-B2F2-114F6B20ABA1","ObjectType":"CertTemplate"},{"ObjectIdentifier":"FF92D655-7858-4A53-B268-4F80F5295261","ObjectType":"CertTemplate"},{"ObjectIdentifier":"99DFF4E9-A32E-4DC2-BC17-C74F1EC2B0D0","ObjectType":"CertTemplate"}],"Aces":[{"PrincipalSID":"S-1-5-21-2577754887-2674212776-3183298843-512","PrincipalType":"Group","RightName":"Owns","IsInherited":false},{"PrincipalSID":"S-1-5-21-2577754887-2674212776-3183298843-519","PrincipalType":"Group","RightName":"WriteDacl","IsInherited":false},{"PrincipalSID":"S-1-5-21-2577754887-2674212776-3183298843-519","PrincipalType":"Group","RightName":"WriteOwner","IsInherited":false},{"PrincipalSID":"S-1-5-21-2577754887-2674212776-3183298843-519","PrincipalType":"Group","RightName":"GenericWrite","IsInherited":false},{"PrincipalSID":"S-1-5-21-2577754887-2674212776-3183298843-519","PrincipalType":"Group","RightName":"ManageCA","IsInherited":false},{"PrincipalSID":"S-1-5-21-2577754887-2674212776-3183298843-519","PrincipalType":"Group","RightName":"ManageCertificates","IsInherited":false},{"PrincipalSID":"S-1-5-21-2577754887-2674212776-3183298843-14300","PrincipalType":"Computer","RightName":"WriteDacl","IsInherited":false},{"PrincipalSID":"S-1-5-21-2577754887-2674212776-3183298843-14300","PrincipalType":"Computer","RightName":"WriteOwner","IsInherited":false},{"PrincipalSID":"S-1-5-21-2577754887-2674212776-3183298843-14300","PrincipalType":"Computer","RightName":"GenericWrite","IsInherited":false},{"PrincipalSID":"S-1-5-21-2577754887-2674212776-3183298843-14300","PrincipalType":"Computer","RightName":"ManageCA","IsInherited":false},{"PrincipalSID":"S-1-5-21-2577754887-2674212776-3183298843-14300","PrincipalType":"Computer","RightName":"ManageCertificates","IsInherited":false},{"PrincipalSID":"SSI.LOCAL-S-1-5-11","PrincipalType":"Group","RightName":"Enroll","IsInherited":false},{"PrincipalSID":"S-1-5-21-2577754887-2674212776-3183298843-519","PrincipalType":"Group","RightName":"GenericAll","IsInherited":true},{"PrincipalSID":"S-1-5-21-2577754887-2674212776-3183298843-512","PrincipalType":"Group","RightName":"WriteDacl","IsInherited":true},{"PrincipalSID":"S-1-5-21-2577754887-2674212776-3183298843-512","PrincipalType":"Group","RightName":"WriteOwner","IsInherited":true},{"PrincipalSID":"S-1-5-21-2577754887-2674212776-3183298843-512","PrincipalType":"Group","RightName":"GenericWrite","IsInherited":true},{"PrincipalSID":"S-1-5-21-2577754887-2674212776-3183298843-512","PrincipalType":"Group","RightName":"ManageCA","IsInherited":true}],"ObjectIdentifier":"CFC67A88-BA4C-4E96-8C1F-EAF2438DB532","IsDeleted":false,"IsACLProtected":false,"ContainedBy":{"ObjectIdentifier":"3C32DD16-4236-4271-B9DC-BF508F43E412","ObjectType":"Container"}},{"Properties":{"domain":"SSI.LOCAL","name":"SETTLEMENT SERVICES INTERNATIONAL ISSUING CA INTRAN-02817@SSI.LOCAL","distinguishedname":"CN=SETTLEMENT SERVICES INTERNATIONAL ISSUING CA INTRAN-02817,CN=ENROLLMENT SERVICES,CN=PUBLIC KEY SERVICES,CN=SERVICES,CN=CONFIGURATION,DC=SSI,DC=LOCAL","domainsid":"S-1-5-21-2577754887-2674212776-3183298843","isaclprotected":false,"description":null,"whencreated":1607885645,"flags":"SUPPORTS_NT_AUTHENTICATION, CA_SERVERTYPE_ADVANCED","caname":"Settlement Services International Issuing CA Intran-02817","dnshostname":"ASH-SVR57.ssi.local","certthumbprint":"FCA6F58C688F4951F2E506EE9F307328CEFAE59E","certname":"FCA6F58C688F4951F2E506EE9F307328CEFAE59E","certchain":["FCA6F58C688F4951F2E506EE9F307328CEFAE59E","BB7F6E3F90A3E4D0D6E0577E0EA41051B74A47EB","959EF62E2E8E2426E50473FA36AA7CA4A09B3B87"],"hasbasicconstraints":false,"basicconstraintpathlength":0,"unresolvedpublishedtemplates":[]},"HostingComputer":null,"CARegistryData":null,"EnabledCertTemplates":[{"ObjectIdentifier":"5F3CB46F-E3C9-4C5C-AB5A-96FD177AE697","ObjectType":"CertTemplate"},{"ObjectIdentifier":"4453B5AB-696E-4424-830B-6A66A59E4B43","ObjectType":"CertTemplate"},{"ObjectIdentifier":"729E8F43-B170-4AA5-97CC-D7A1B2F60F97","ObjectType":"CertTemplate"},{"ObjectIdentifier":"23F135A2-F0A4-4027-93EE-4D141A875944","ObjectType":"CertTemplate"},{"ObjectIdentifier":"D7DBC4B3-0CD9-4AB7-8670-56C1558DB57F","ObjectType":"CertTemplate"},{"ObjectIdentifier":"99D276A8-46E2-4125-9768-2D6718D70099","ObjectType":"CertTemplate"},{"ObjectIdentifier":"6F1325E7-C759-4DCF-B31A-0C558808FA59","ObjectType":"CertTemplate"},{"ObjectIdentifier":"412F68EB-A7D1-4AA7-9318-926EE25E822C","ObjectType":"CertTemplate"},{"ObjectIdentifier":"D83981FD-1DE6-480C-8C5D-E2C48023904F","ObjectType":"CertTemplate"},{"ObjectIdentifier":"E8ED1567-4815-4DBA-845A-64AA1410DFDB","ObjectType":"CertTemplate"},{"ObjectIdentifier":"9D0C8C40-367D-4E07-B2F2-114F6B20ABA1","ObjectType":"CertTemplate"},{"ObjectIdentifier":"FF92D655-7858-4A53-B268-4F80F5295261","ObjectType":"CertTemplate"},{"ObjectIdentifier":"99DFF4E9-A32E-4DC2-BC17-C74F1EC2B0D0","ObjectType":"CertTemplate"}],"Aces":[{"PrincipalSID":"S-1-5-21-2577754887-2674212776-3183298843-519","PrincipalType":"Group","RightName":"Owns","IsInherited":false},{"PrincipalSID":"S-1-5-21-2577754887-2674212776-3183298843-519","PrincipalType":"Group","RightName":"WriteDacl","IsInherited":false},{"PrincipalSID":"S-1-5-21-2577754887-2674212776-3183298843-519","PrincipalType":"Group","RightName":"WriteOwner","IsInherited":false},{"PrincipalSID":"S-1-5-21-2577754887-2674212776-3183298843-519","PrincipalType":"Group","RightName":"GenericWrite","IsInherited":false},{"PrincipalSID":"S-1-5-21-2577754887-2674212776-3183298843-519","PrincipalType":"Group","RightName":"ManageCA","IsInherited":false},{"PrincipalSID":"S-1-5-21-2577754887-2674212776-3183298843-519","PrincipalType":"Group","RightName":"ManageCertificates","IsInherited":false},{"PrincipalSID":"S-1-5-21-2577754887-2674212776-3183298843-11501","PrincipalType":"Computer","RightName":"WriteDacl","IsInherited":false},{"PrincipalSID":"S-1-5-21-2577754887-2674212776-3183298843-11501","PrincipalType":"Computer","RightName":"WriteOwner","IsInherited":false},{"PrincipalSID":"S-1-5-21-2577754887-2674212776-3183298843-11501","PrincipalType":"Computer","RightName":"GenericWrite","IsInherited":false},{"PrincipalSID":"S-1-5-21-2577754887-2674212776-3183298843-11501","PrincipalType":"Computer","RightName":"ManageCA","IsInherited":false},{"PrincipalSID":"S-1-5-21-2577754887-2674212776-3183298843-11501","PrincipalType":"Computer","RightName":"ManageCertificates","IsInherited":false},{"PrincipalSID":"SSI.LOCAL-S-1-5-11","PrincipalType":"Group","RightName":"Enroll","IsInherited":false},{"PrincipalSID":"S-1-5-21-2577754887-2674212776-3183298843-519","PrincipalType":"Group","RightName":"GenericAll","IsInherited":true},{"PrincipalSID":"S-1-5-21-2577754887-2674212776-3183298843-512","PrincipalType":"Group","RightName":"WriteDacl","IsInherited":true},{"PrincipalSID":"S-1-5-21-2577754887-2674212776-3183298843-512","PrincipalType":"Group","RightName":"WriteOwner","IsInherited":true},{"PrincipalSID":"S-1-5-21-2577754887-2674212776-3183298843-512","PrincipalType":"Group","RightName":"GenericWrite","IsInherited":true},{"PrincipalSID":"S-1-5-21-2577754887-2674212776-3183298843-512","PrincipalType":"Group","RightName":"ManageCA","IsInherited":true}],"ObjectIdentifier":"69BE6A94-62BE-4F1C-94DC-FF78397E2BB3","IsDeleted":false,"IsACLProtected":false,"ContainedBy":{"ObjectIdentifier":"3C32DD16-4236-4271-B9DC-BF508F43E412","ObjectType":"Container"}},{"Properties":{"domain":"SSI.LOCAL","name":"SETTLEMENT SERVICES INTERNATIONAL ISSUING CA 01@SSI.LOCAL","distinguishedname":"CN=SETTLEMENT SERVICES INTERNATIONAL ISSUING CA 01,CN=ENROLLMENT SERVICES,CN=PUBLIC KEY SERVICES,CN=SERVICES,CN=CONFIGURATION,DC=SSI,DC=LOCAL","domainsid":"S-1-5-21-2577754887-2674212776-3183298843","isaclprotected":false,"description":null,"whencreated":1602770747,"flags":"SUPPORTS_NT_AUTHENTICATION, CA_SERVERTYPE_ADVANCED","caname":"Settlement Services International Issuing CA 01","dnshostname":"ASH-SVR53.ssi.local","certthumbprint":"D8B0F3BB1118BC9154E7DD0B4770853346A14AE6","certname":"D8B0F3BB1118BC9154E7DD0B4770853346A14AE6","certchain":["D8B0F3BB1118BC9154E7DD0B4770853346A14AE6","BB7F6E3F90A3E4D0D6E0577E0EA41051B74A47EB","959EF62E2E8E2426E50473FA36AA7CA4A09B3B87"],"hasbasicconstraints":false,"basicconstraintpathlength":0,"unresolvedpublishedtemplates":[]},"HostingComputer":null,"CARegistryData":null,"EnabledCertTemplates":[{"ObjectIdentifier":"EAE28DC7-0F0C-4061-9374-A21AFE6A6158","ObjectType":"CertTemplate"},{"ObjectIdentifier":"C7AE89AC-215A-45CB-A00F-A91DF1359C64","ObjectType":"CertTemplate"},{"ObjectIdentifier":"05D1A9F0-B962-4DC0-ACF1-28D7ED7F252C","ObjectType":"CertTemplate"},{"ObjectIdentifier":"1C84E40B-5ACD-4FF9-A826-29A4258B23C9","ObjectType":"CertTemplate"},{"ObjectIdentifier":"06DD7813-176B-4F92-8E0C-8A69EC1A0BBD","ObjectType":"CertTemplate"},{"ObjectIdentifier":"1CECF5AB-5C4F-4EDB-B1D3-6C2A6CE98F53","ObjectType":"CertTemplate"},{"ObjectIdentifier":"C2A9C439-B1A4-4EE4-BCEA-6D7BA3AC09A3","ObjectType":"CertTemplate"},{"ObjectIdentifier":"CEE62E68-6AAE-4349-9047-E84801AACF8B","ObjectType":"CertTemplate"},{"ObjectIdentifier":"57167EA5-289A-4B8F-8E6E-E8BC1CC21E0A","ObjectType":"CertTemplate"},{"ObjectIdentifier":"C56B6A94-089D-4A0A-83BB-30CEE0CA184B","ObjectType":"CertTemplate"},{"ObjectIdentifier":"729E8F43-B170-4AA5-97CC-D7A1B2F60F97","ObjectType":"CertTemplate"},{"ObjectIdentifier":"23F135A2-F0A4-4027-93EE-4D141A875944","ObjectType":"CertTemplate"},{"ObjectIdentifier":"D7DBC4B3-0CD9-4AB7-8670-56C1558DB57F","ObjectType":"CertTemplate"},{"ObjectIdentifier":"99D276A8-46E2-4125-9768-2D6718D70099","ObjectType":"CertTemplate"},{"ObjectIdentifier":"6F1325E7-C759-4DCF-B31A-0C558808FA59","ObjectType":"CertTemplate"},{"ObjectIdentifier":"412F68EB-A7D1-4AA7-9318-926EE25E822C","ObjectType":"CertTemplate"},{"ObjectIdentifier":"D83981FD-1DE6-480C-8C5D-E2C48023904F","ObjectType":"CertTemplate"},{"ObjectIdentifier":"E8ED1567-4815-4DBA-845A-64AA1410DFDB","ObjectType":"CertTemplate"},{"ObjectIdentifier":"9D0C8C40-367D-4E07-B2F2-114F6B20ABA1","ObjectType":"CertTemplate"},{"ObjectIdentifier":"FF92D655-7858-4A53-B268-4F80F5295261","ObjectType":"CertTemplate"},{"ObjectIdentifier":"99DFF4E9-A32E-4DC2-BC17-C74F1EC2B0D0","ObjectType":"CertTemplate"}],"Aces":[{"PrincipalSID":"S-1-5-21-2577754887-2674212776-3183298843-512","PrincipalType":"Group","RightName":"Owns","IsInherited":false},{"PrincipalSID":"S-1-5-21-2577754887-2674212776-3183298843-519","PrincipalType":"Group","RightName":"WriteDacl","IsInherited":false},{"PrincipalSID":"S-1-5-21-2577754887-2674212776-3183298843-519","PrincipalType":"Group","RightName":"WriteOwner","IsInherited":false},{"PrincipalSID":"S-1-5-21-2577754887-2674212776-3183298843-519","PrincipalType":"Group","RightName":"GenericWrite","IsInherited":false},{"PrincipalSID":"S-1-5-21-2577754887-2674212776-3183298843-519","PrincipalType":"Group","RightName":"ManageCA","IsInherited":false},{"PrincipalSID":"S-1-5-21-2577754887-2674212776-3183298843-519","PrincipalType":"Group","RightName":"ManageCertificates","IsInherited":false},{"PrincipalSID":"S-1-5-21-2577754887-2674212776-3183298843-11427","PrincipalType":"Computer","RightName":"WriteDacl","IsInherited":false},{"PrincipalSID":"S-1-5-21-2577754887-2674212776-3183298843-11427","PrincipalType":"Computer","RightName":"WriteOwner","IsInherited":false},{"PrincipalSID":"S-1-5-21-2577754887-2674212776-3183298843-11427","PrincipalType":"Computer","RightName":"GenericWrite","IsInherited":false},{"PrincipalSID":"S-1-5-21-2577754887-2674212776-3183298843-11427","PrincipalType":"Computer","RightName":"ManageCA","IsInherited":false},{"PrincipalSID":"S-1-5-21-2577754887-2674212776-3183298843-11427","PrincipalType":"Computer","RightName":"ManageCertificates","IsInherited":false},{"PrincipalSID":"SSI.LOCAL-S-1-5-11","PrincipalType":"Group","RightName":"Enroll","IsInherited":false},{"PrincipalSID":"S-1-5-21-2577754887-2674212776-3183298843-519","PrincipalType":"Group","RightName":"GenericAll","IsInherited":true},{"PrincipalSID":"S-1-5-21-2577754887-2674212776-3183298843-512","PrincipalType":"Group","RightName":"WriteDacl","IsInherited":true},{"PrincipalSID":"S-1-5-21-2577754887-2674212776-3183298843-512","PrincipalType":"Group","RightName":"WriteOwner","IsInherited":true},{"PrincipalSID":"S-1-5-21-2577754887-2674212776-3183298843-512","PrincipalType":"Group","RightName":"GenericWrite","IsInherited":true},{"PrincipalSID":"S-1-5-21-2577754887-2674212776-3183298843-512","PrincipalType":"Group","RightName":"ManageCA","IsInherited":true}],"ObjectIdentifier":"F5F947CC-330C-4E0F-9411-3395311EB6DB","IsDeleted":false,"IsACLProtected":false,"ContainedBy":{"ObjectIdentifier":"3C32DD16-4236-4271-B9DC-BF508F43E412","ObjectType":"Container"}}],"meta":{"methods":291819,"type":"enterprisecas","count":4,"version":6}}